firstname,middlename,lastname,salary,gender,dep_id,salary_with_bonus
James,10045.0,Smith,26636.0,M,111,36636.0
Michael,Rose,,42288.0,M,222,52288.0
Robert,,Williams,47114.0,M,333,57114.0
Maria,Anne,Jones,12192.0,F,111,22192.0
Jen,Mary,Brown,80456.0,F,222,90456.0
Jas,,Smith,36634.0,M,111,46634.0
Mike,Rose,,40299.0,M,222,50299.0
Roby,,Williams,42156.0,M,333,52156.0
Ancy,,Williams,42246.0,M,222,52246.0
Mary,Anne,Jones,30002.0,F,111,40002.0
Ben,Mary,Brown,12345.0,F,222,22345.0
Black,Mary,Richard,22345.0,F,333,32345.0
Mike2,Rose,,40299.0,M,2,50299.0
Roby2,,Williams,42156.0,M,3,52156.0
